{"cameraMode":{"drawMode":0,"name":"Shaded","section":"Shading Mode"},"sceneLighting":true,"audioPlay":false,"sceneViewState":{"m_AlwaysRefresh":false,"showFog":true,"showSkybox":false,"showFlares":true,"showImageEffects":true,"showParticleSystems":true,"showVisualEffectGraphs":true,"m_FxEnabled":true},"in2DMode":false,"pivot":{"x":10.489730834960938,"y":-3.3118181228637697,"z":-22.232059478759767},"rotation":{"x":0.49212855100631716,"y":-0.048270534723997119,"z":0.027332628145813943,"w":0.8687677979469299},"size":14.499629020690918,"orthographic":false}